"Account ID","Account Name","Website","Industry","Billing Country","Billing City","Type","Account Owner","Last Activity","Last Modified Date"
"001Xx000003AAAAAA1","Acme Corporation","https://www.acme.com","Manufacturing","United States","Chicago","Customer","Ethan Shapiro","2026-08-01","2026-08-02"
"001Xx000003AAAAAA2","Acme Corp.","acme.com","","","","Prospect","Ethan Shapiro","","2024-01-10"
"001Xx000003AAAAAA3","The Acme Corporation, Inc.","","Manufacturing","United States","","Prospect","Ethan Shapiro","2025-02-01","2025-02-01"
"001Xx000003AAAAAA4","Globex TEST account","http://globex.example","Technology","Germany","Berlin","Prospect","Ethan Shapiro","","2023-03-03"
"001Xx000003AAAAAA5","Initech","notaurl","Technology","","","Prospect","Ethan Shapiro","2026-09-01","2026-09-01"
"001Xx000003AAAAAA6","Umbrella Ltd","https://umbrella.co.uk","Pharma","United Kingdom","London","Customer","Ethan Shapiro","2026-05-01","2026-05-01"
"001Xx000003AAAAAA7","Umbrella Limited","https://www.umbrella.co.uk/about","Pharma","United Kingdom","London","Prospect","Ethan Shapiro","2022-05-01","2022-05-01"
""," Trailing Spaces Co ","https://trailing.example","Retail","France","Paris","Prospect","Ethan Shapiro","2026-01-01","2026-01-01"
"Grand Totals (8 records)","","","","","","","","",""
